,Height above sea level,Lines,Bakerloo,,Central,,District,,Hammersmith & City,,Jubilee,,Metropolitan,,Northern,,Piccadilly,,Victoria,,Circle,,Waterloo & City,,Elizabeth Line,
Station Name,Ground Level outside Station,,Northbound,Southbound,Eastbound,Westbound,Eastbound,Westbound,Eastbound,Westbound,Eastbound,Westbound,Eastbound,Westbound,Northbound,Southbound,Eastbound,Westbound,Northbound,Southbound,Eastbound,Westbound,Northbound,Southbound,Eastbound,Westbound
Acton Town,21,DIS;PIC, , , , ,115.5,115.5, , , , , , , , ,115.5,115.5, , ,,, , ,,
Aldgate ,16,MET;CIR, , , , , , , , , , ,108.8,108.8, , , , , , ,108.8,108.8, , ,,
Aldgate East ,14,H&C;DIS, , , , ,105,105,105,105, , , , , , , , , , ,,, , ,,
Alperton ,33,PIC, , , , , , , , , , , , , , ,139.8,139.8, , ,,, , ,,
Amersham ,145,MET, , , , , , , , , , ,249.3,249.3, , , , , , ,,, , ,,
Angel ,34,NOR, , , , , , , , , , , , ,98.4,98.4, , , , ,,, , ,,
Archway ,56,NOR, , , , , , , , , , , , ,134.9,134.6, , , , ,,, , ,,
Arnos Grove ,43,PIC, , , , , , , , , , , , , , ,137.6,137.6, , ,,, , ,,
Arsenal ,25,PIC, , , , , , , , , , , , , , ,116.8,116.8, , ,,, , ,,
Baker Street ,27,MET;CIR;H&C;BAK;JUB,108.3,105.1, , , , ,118.8,118.9,104.3,107.4,120.5,120.5, , , , , , ,118.8,118.9, , ,,
Balham ,26,NOR, , , , , , , , , , , , ,112.6,112.6, , , , ,,, , ,,
Bank ,14,NOR;CEN;W&C, , ,93.5,93.5, , , , , , , , ,84.4,84.4, , , , ,,,94,94,,
Barbican ,18,MET;CIR;H&C, , , , , , ,109.4,109.4, , ,109.4,109.4, , , , , , ,109.4,109.4, , ,,
Barking ,9,DIS;H&C, , , , ,106.4,106.4,106.4,106.4, , , , , , , , , , ,,, , ,,
Barkingside ,25,CEN, , ,125.5,125.5, , , , , , , , , , , , , , ,,, , ,,
Barons Court ,4.6,DIS;PIC, , , , ,101.9,101.9, , , , , , , , ,102.1,102.3, , ,,, , ,,
Battersea Power Station,7,NOR,,,,,,,,,,,,,86.5,86.5,,,,,,,,,,
Bayswater ,25,DIS;CIR, , , , ,118,118, , , , , , , , , , , , ,118,118, , ,,
Becontree ,11,DIS, , , , ,106.1,106.1, , , , , , , , , , , , ,,, , ,,
Belsize Park ,68,NOR, , , , , , , , , , , , ,132,132.8, , , , ,,, , ,,
Bermondsey ,2,JUB, , , , , , , , ,87.5,87.5, , , , , , , , ,,, , ,,
Bethnal Green ,14,CEN, , ,98,98, , , , , , , , , , , , , , ,,, , ,,
Blackfriars ,8,DIS;CIR, , , , ,100.7,100.7, , , , , , , , , , , , ,100.7,100.7, , ,,
Blackhorse Road ,12,VIC, , , , , , , , , , , , , , , , ,96.5,96.4,,, , ,,
Bond Street ,22,JUB;CEN;EL, , ,101,101, , , , ,91,91, , , , , , , , ,,, , ,72,72
Borough ,4,NOR, , , , , , , , , , , , ,87.9,85.2, , , , ,,, , ,,
Boston Manor ,25,PIC, , , , , , , , , , , , , , ,119.4,119.4, , ,,, , ,,
Bounds Green ,47,PIC, , , , , , , , , , , , , , ,130.8,130.8, , ,,, , ,,
Bow Road ,12,DIS;H&C, , , , ,106.8,106.8,106.8,106.8, , , , , , , , , , ,,, , ,,
Brent Cross ,48,NOR, , , , , , , , , , , , ,151.9,151.9, , , , ,,, , ,,
Brixton ,14,VIC, , , , , , , , , , , , , , , , ,94.8,94.8,,, , ,,
Bromley By Bow ,15,DIS;H&C, , , , ,112.2,112.2,112.2,112.2, , , , , , , , , , ,,, , ,,
Buckhurst Hill ,40,CEN, , ,134.9,134.9, , , , , , , , , , , , , , ,,, , ,,
Burnt Oak ,51,NOR, , , , , , , , , , , , ,147,147, , , , ,,, , ,,
Caledonian Road ,36,PIC, , , , , , , , , , , , , , ,112.9,112.9, , ,,, , ,,
Camden Town City Branch,27,NOR, , , , , , , , , , , , ,111.8,108.4, , , , ,,, , ,,
Camden Town Charing X Branch,27,NOR, , , , , , , , , , , , ,111.8,109.3, , , , ,,, , ,,
Canada Water ,5,JUB, , , , , , , , ,86.7,86.7, , , , , , , , ,,, , ,,
Canary Wharf ,3,JUB;EL, , , , , , , , ,84.4,84.4, , , , , , , , ,,, , ,72,72
Canning Town ,2,JUB, , , , , , , , ,100,100, , , , , , , , ,,, , ,,
Cannon Street ,11,DIS;CIR, , , , ,104.4,104.4, , , , , , , , , , , , ,104.4,104.4, , ,,
Canons Park ,65,JUB, , , , , , , , ,170.1,170.1, , , , , , , , ,,, , ,,
Chalfont & Latimer ,122,MET, , , , , , , , , , ,220.7,220.7, , , , , , ,,, , ,,
Chalk Farm ,32,NOR, , , , , , , , , , , , ,118.2,119, , , , ,,, , ,,
Chancery Lane ,20,CEN, , ,100,95.6, , , , , , , , , , , , , , ,,, , ,,
Charing Cross ,12,NOR;BAK,88.2,88.2, , , , , , ,,, , ,91.6,91.6, , , , ,,, , ,,
Chesham ,110,MET, , , , , , , , , , ,210.2,210.2, , , , , , ,,, , ,,
Chigwell ,44,CEN, , ,139,139, , , , , , , , , , , , , , ,,, , ,,
Chiswick Park ,10,DIS, , , , ,113,113, , , , , , , , , , , , ,,, , ,,
Chorleywood ,89,MET, , , , , , , , , , ,188.3,188.3, , , , , , ,,, , ,,
Clapham Common ,21,NOR, , , , , , , , , , , , ,100.8,100.8, , , , ,,, , ,,
Clapham North ,13,NOR, , , , , , , , , , , , ,98.7,98.7, , , , ,,, , ,,
Clapham South ,28,NOR, , , , , , , , , , , , ,110.1,110.1, , , , ,,, , ,,
Cockfosters ,98,PIC, , , , , , , , , , , , , , ,194,194, , ,,, , ,,
Colindale ,49,NOR, , , , , , , , , , , , ,144,144, , , , ,,, , ,,
Colliers Wood ,12,NOR, , , , , , , , , , , , ,98.9,98.9, , , , ,,, , ,,
Covent Garden ,23,PIC, , , , , , , , , , , , , , ,86,86, , ,,, , ,,
Croxley ,72,MET, , , , , , , , , , ,165.4,165.4, , , , , , ,,, , ,,
Dagenham East ,10,DIS, , , , ,106.4,106.4, , , , , , , , , , , , ,,, , ,,
Dagenham Heathway ,11,DIS, , , , ,106.2,106.2, , , , , , , , , , , , ,,, , ,,
Debden ,37,CEN, , ,136.4,136.4, , , , , , , , , , , , , , ,,, , ,,
Dollis Hill ,37,JUB, , , , , , , , ,139.4,139.4, , , , , , , , ,,, , ,,
Ealing Broadway ,33,CEN;DIS;EL, , ,127.9,127.9,127.9,127.9, , , , , , , , , , , , ,,, , ,,
Ealing Common ,29,DIS;PIC, , , , ,124,124, , , , , , , , ,124,124, , ,,, , ,,
Earls Court ,8,DIS;PIC, , , , ,102.2,102.2, , , , , , , , ,87.4,87.4, , ,,, , ,,
East Acton ,12,CEN, , ,117.9,117.9, , , , , , , , , , , , , , ,,, , ,,
East Finchley ,83,NOR, , , , , , , , , , , , ,187.4,187.4, , , , ,,, , ,,
East Ham ,11,DIS;H&C, , , , ,105.7,105.7,105.7,105.7, , , , , , , , , , ,,, , ,,
East Putney ,17,DIS, , , , ,125,125, , , , , , , , , , , , ,,, , ,,
Eastcote ,53,MET;PIC, , , , , , , , , , ,148.1,148.1, , ,148.1,148.1, , ,,, , ,,
Edgware ,59,NOR, , , , , , , , , , , , ,154.6,154.6, , , , ,,, , ,,
Edgware Road (Bakerloo),32,BAK,107.1,107.1, , , , , , , , , , , , , , , , ,,, , ,,
"Edgware Road (Circle, District, H & C)",30,DIS;CIR;H&C, , , , ,124.8,124.8,124.8,124.8, , , , , , , , , , ,124.8,124.8, , ,,
Elephant & Castle ,3,NOR;BAK,80.2,80.2, , , , , , , , , , ,84.6,84.7, , , , ,,, , ,,
Elm Park ,18,DIS, , , , ,112.3,112.3, , , , , , , , , , , , ,,, , ,,
Embankment ,5,NOR;BAK;DIS;CIR,85.1,85.1, , ,99.6,99.6,99.6,99.6, , , , ,88.6,88.8, , , , ,,, , ,,
Epping ,81,CEN, , ,179.5,179.5, , , , , , , , , , , , , , ,,, , ,,
Euston City Branch,25,NOR;VIC, , , , , , , , , , , , ,91.9,92.6, , ,92.5,92.5,,, , ,,
Euston Charing X Branch,25,NOR, , , , , , , , , , , , ,103.6,103.6, , , , ,,, , ,,
Euston Square ,25,MET;H&C;CIR, , , , , , ,118.1,118.1, , ,118.1,118.1, , , , , , ,118.1,118.1, , ,,
Fairlop ,30,CEN, , ,135.2,135.2, , , , , , , , , , , , , , ,,, , ,,
Farringdon ,11,MET;H&C;CIR;EL, , , , , , ,106.5,106.5, , ,106.5,106.5, , , , , , ,106.5,106.5, , ,75,75
Finchley Central ,87,NOR, , , , , , , , , , , , ,178.5,178.5, , , , ,,, , ,,
Finchley Road ,52,MET;JUB, , , , , , , , ,148.7,148.7,148.7,148.7, , , , , , ,,, , ,,
Finsbury Park ,32,PIC;VIC, , , , , , , , , , , , , , ,123.9,123.9,123.5,123.4,,, , ,,
Fulham Broadway ,4,DIS, , , , ,98.7,98.7, , , , , , , , , , , , ,,, , ,,
Gants Hill ,25,CEN, , ,107,110.1, , , , , , , , , , , , , , ,,, , ,,
Gloucester Road ,7,DIS;PIC, , , , ,100,100, , , , , , , , ,87.4,87.4, , ,,, , ,,
Golders Green ,70,NOR, , , , , , , , , , , , ,173.1,173.1, , , , ,,, , ,,
Goldhawk Road ,5,H&C;CIR, , , , , , ,111,111, , , , , , , , , , ,111,111, , ,,
Goodge Street ,27,NOR, , , , , , , , , , , , ,98.1,98.1, , , , ,,, , ,,
Grange Hill ,55,CEN, , ,148.8,148.8, , , , , , , , , , , , , , ,,, , ,,
Great Portland Street ,29,MET;H&C;CIR, , , , , , ,121.4,121.4, , ,121.4,121.4, , , , , , ,121.4,121.4, , ,,
Green Park ,18,PIC;VIC;JUB, , , , , , , , ,87,87, , , , ,91.5,91.5,94.5,95.3,,, , ,,
Greenford ,22,CEN, , ,132.2,132.2, , , , , , , , , , , , , , ,,, , ,,
Gunnersbury ,10,DIS, , , , ,106,106, , , , , , , , , , , , ,,, , ,,
Hainault ,36,CEN, , ,141.2,141.2, , , , , , , , , , , , , , ,,, , ,,
Hammersmith  ,5,H&C;CIR, , , , , , ,104.4,104.4, , , , , , , , , , ,104.4,104.4, , ,,
Hammersmith  (District),5,PIC;DIS, , , , ,100.4,100.4, , , , , , , , ,100.4,100.4, , ,,, , ,,
Hampstead ,108,NOR, , , , , , , , , , , , ,149.1,149.9, , , , ,,, , ,,
Hanger Lane ,40,CEN, , ,131.9,131.9, , , , , , , , , , , , , , ,,, , ,,
Harlesden ,38,BAK, , , , , , , , , , , , , , ,131.8,131.8, , ,,, , ,,
Harrow & Wealdstone ,52,BAK, , , , , , , , , , , , , , ,154.2,154.2, , ,,, , ,,
Harrow On The Hill ,69,MET, , , , , , , , , , ,167.1,167.1, , , , , , ,,, , ,,
Hatton Cross ,22,PIC, , , , , , , , , , , , , , ,113.4,113.4, , ,,, , ,,
"Heathrow Airport Terminal 1, 2 & 3 ",23,PIC;EL, , , , , , , , , , , , , , , ,109.6, , ,,, , ,,
Heathrow Terminal 4 ,23,PIC;EL, , , , , , , , , , , , , , , ,112.9, , ,,, , ,,
Heathrow Terminal 5,23,PIC;EL,,,,,,,,,,,,,,,110.3,110.3,,,,,,,,
Hendon Central ,64,NOR, , , , , , , , , , , , ,161.5,161.5, , , , ,,, , ,,
High Barnet ,111,NOR, , , , , , , , , , , , ,198.4,198.4, , , , ,,, , ,,
High Street Kensington ,13,DIS;CIR, , , , ,107.3,107.3, , , , , , , , , , , , ,107.3,107.3, , ,,
Highbury & Islington ,34,VIC, , , , , , , , , , , , , , , , ,117.8,117.9,,, , ,,
Highgate ,100,NOR, , , , , , , , , , , , ,162.7,162.7, , , , ,,, , ,,
Hillingdon ,36,MET;PIC, , , , , , , , , , ,136.7,136.7, , ,136.7,136.7, , ,,, , ,,
Holborn ,23,CEN;PIC, , ,96.8,96.7, , , , , , , , , , ,88.3,81.9, , ,,, , ,,
Holland Park ,14,CEN, , ,95.2,95.2, , , , , , , , , , , , , , ,,, , ,,
Holloway Road ,29,PIC, , , , , , , , , , , , , , ,115.4,115.4, , ,,, , ,,
Hornchurch ,24,DIS, , , , ,118.2,118.2, , , , , , , , , , , , ,,, , ,,
Hounslow Central ,20,PIC, , , , , , , , , , , , , , ,124.9,124.9, , ,,, , ,,
Hounslow East ,20,PIC, , , , , , , , , , , , , , ,125.8,125.8, , ,,, , ,,
Hounslow West ,23,PIC, , , , , , , , , , , , , , ,117.7,117.7, , ,,, , ,,
Hyde Park Corner ,16,PIC, , , , , , , , , , , , , , ,88.9,88.9, , ,,, , ,,
Ickenham ,43,MET;PIC, , , , , , , , , , ,138.1,138.1, , ,138.1,138.1, , ,,, , ,,
Kennington City Branch,3,NOR, , , , , , , , , , , , ,87.1,84.4, , , , ,,, , ,,
Kennington Charing X Branch,3,NOR, , , , , , , , , , , , ,86.9,84.6, , , , ,,, , ,,
Kensal Green ,42,BAK, , , , , , , , , , , , , , ,135.4,135.4, , ,,, , ,,
Kensington (Olympia) ,4,DIS, , , , ,102.1,102.1, , , , , , , , , , , , ,,, , ,,
Kentish Town ,37,NOR, , , , , , , , , , , , ,115.9,112.9, , , , ,,, , ,,
Kenton ,56,BAK, , , , , , , , , , , , , , ,149.4,149.4, , ,,, , ,,
Kew Gardens ,8,DIS, , , , ,106,106, , , , , , , , , , , , ,,, , ,,
Kilburn ,45,JUB, , , , , , , , ,152.2,152.2, , , , , , , , ,,, , ,,
Kilburn Park ,27,BAK,119.5,119.5, , , , , , , , , , , , , , , , ,,, , ,,
King's Cross St Pancras,17,MET;H&C;CIR;NOR;PIC;VIC, , , , , , ,109.1,109.1, , ,109.1,109.1,88.9,88.9,94.4,94.4,99.9,99.9,109.1,109.1, , ,,
Kingsbury ,43,JUB, , , , , , , , ,138.3,138.3, , , , , , , , ,,, , ,,
Knightsbridge ,9,PIC, , , , , , , , , , , , , , ,86.7,86.7, , ,,, , ,,
Ladbroke Grove ,14,H&C;CIR, , , , , , ,119.4,119.4, , , , , , , , , , ,119.4,119.4, , ,,
Lambeth North ,3,BAK,86.7,86.3, , , , , , , , , , , , , , , , ,,, , ,,
Lancaster Gate ,18,CEN, , ,102.5,102.5, , , , , , , , , , , , , , ,,, , ,,
Latimer Road ,8,H&C;CIR, , , , , , ,114,114, , , , , , , , , , ,114,114, , ,,
Leicester Square ,20,NOR;PIC, , , , , , , , , , , , ,93.5,93.5,86.8,86.8, , ,,, , ,,
Leyton ,15,CEN, , ,110,110, , , , , , , , , , , , , , ,,, , ,,
Leytonstone ,23.2,CEN, , ,123.1,123.1, , , , , , , , , , , , , , ,,, , ,,
Liverpool Street ,14,MET;H&C;CIR;CEN;EL, , ,92.5,92.5, , ,107.4,107.4, , ,107.4,107.4, , , , , , ,107.4,107.4, , ,66,66
London Bridge ,4,NOR;JUB, , , , , , , , ,76.8,76.8, , ,80.4,80.4, , , , ,,, , ,,
Loughton ,27,CEN, , ,129.6,129.6, , , , , , , , , , , , , , ,,, , ,,
Maida Vale ,31,BAK,116.6,116.6, , , , , , , , , , , , , , , , ,,, , ,,
Manor House ,38,PIC, , , , , , , , , , , , , , ,119.5,119.5, , ,,, , ,,
Mansion House ,14,DIS;CIR, , , , ,105,105, , , , , , , , , , , , ,105,105, , ,,
Marble Arch ,27,CEN, , ,101.4,101.4, , , , , , , , , , , , , , ,,, , ,,
Marylebone ,29,BAK,106.4,106.4, , , , , , , , , , , , , , , , ,,, , ,,
Mile End ,12,DIS;H&C;CEN, , ,104.8,104.9,104.7,104.7,104.7,104.7, , , , , , , , , , ,,, , ,,
Mill Hill East ,65,NOR, , , , , , , , , , , , ,170.8,170.8, , , , ,,, , ,,
Monument ,14.3,DIS;CIR, , , , ,106.2,106.2, , , , , , , , , , , , ,106.2,106.2, , ,,
Moor Park ,57,MET, , , , , , , , , , ,161.5,161.5, , , , , , ,,, , ,,
Moorgate ,14,MET;H&C;CIR;NOR, , , , , , ,108.5,108.5, , ,108.5,108.5,88.7,88.8, , , , ,108.5,108.5, , ,,
Morden ,18,NOR, , , , , , , , , , , , ,113.6,113.6, , , , ,,, , ,,
Mornington Crescent ,24,NOR, , , , , , , , , , , , ,108.7,108.7, , , , ,,, , ,,
Neasden ,38,JUB, , , , , , , , ,132.2,132.2, , , , , , , , ,,, , ,,
New Cross ,11,, , , , , , , , , , , , , , , , , , ,,, , ,,
New Cross Gate ,13,, , , , , , , , , , , , , , , , , , ,,, , ,,
Newbury Park ,19,CEN, , ,117,117, , , , , , , , , , , , , , ,,, , ,,
Nine Elms,3,NOR,,,,,,,,,,,,,83.8,83.8,,,,,,,,,,
North Acton ,33,CEN, , ,124.4,124.4, , , , , , , , , , , , , , ,,, , ,,
North Ealing ,36,PIC, , , , , , , , , , , , , , ,132.5,132.5, , ,,, , ,,
North Greenwich ,2,JUB, , , , , , , , ,86.5,86.5, , , , , , , , ,,, , ,,
North Harrow ,51,MET, , , , , , , , , , ,157,157, , , , , , ,,, , ,,
North Wembley ,48,BAK, , , , , , , , , , , , , , ,142,142, , ,,, , ,,
Northfields ,24,PIC, , , , , , , , , , , , , , ,119.3,119.3, , ,,, , ,,
Northolt ,43,CEN, , ,137.8,137.8, , , , , , , , , , , , , , ,,, , ,,
Northwick Park ,56,MET, , , , , , , , , , ,157.9,157.9, , , , , , ,,, , ,,
Northwood ,77,MET, , , , , , , , , , ,171.6,171.6, , , , , , ,,, , ,,
Northwood Hills ,71,MET, , , , , , , , , , ,165,165, , , , , , ,,, , ,,
Notting Hill Gate ,28,CEN;DIS;H&C, , ,97.1,102.6,119.4,119.4, , , , , , , , , , , , ,119.4,119.4, , ,,
Oakwood ,88,PIC, , , , , , , , , , , , , , ,181.8,181.8, , ,,, , ,,
Old Street ,17,NOR, , , , , , , , , , , , ,92,92, , , , ,,, , ,,
Osterley ,30,PIC, , , , , , , , , , , , , , ,124.2,124.2, , ,,, , ,,
Oval ,4,NOR, , , , , , , , , , , , ,89.9,86.7, , , , ,,, , ,,
Oxford Circus ,27,CEN;VIC;BAK,104.7,104.7,100.6,100.6, , , , , , , , , , , , ,104.1,104.1,,, , ,,
Paddington ,25,H&C;CIR;DIS;BAK;EL,109.3,109.3, , ,118.8,118.8,122.4,122.4, , , , , , , , , , ,118.8,118.8, , ,80,80
Park Royal ,47,PIC, , , , , , , , , , , , , , ,142.2,142.2, , ,,, , ,,
Parsons Green ,3,DIS, , , , ,108,108, , , , , , , , , , , , ,,, , ,,
Perivale ,20,CEN, , ,126.6,126.6, , , , , , , , , , , , , , ,,, , ,,
Piccadilly Circus ,19,PIC;BAK,93.8,93.8, , , , , , , , , , , , ,86.8,86.8, , ,,, , ,,
Pimlico ,5,VIC, , , , , , , , , , , , , , , , ,83.9,83.9,,, , ,,
Pinner ,54,MET, , , , , , , , , , ,153.5,153.5, , , , , , ,,, , ,,
Plaistow ,9,DIS;H&C, , , , ,102.4,102.4,102.4,102.4, , , , , , , , , , ,,, , ,,
Preston Road ,45,MET, , , , , , , , , , ,141.1,141.1, , , , , , ,,, , ,,
Putney Bridge ,4,DIS, , , , ,111,111, , , , , , , , , , , , ,,, , ,,
Queens Park ,38,BAK, , , , , , , , , , , , , , ,132.4,132.4, , ,,, , ,,
Queensbury ,48,JUB, , , , , , , , ,151.2,151.2, , , , , , , , ,,, , ,,
Queensway ,27,CEN, , ,103.1,103.1, , , , , , , , , , , , , , ,,, , ,,
Ravenscourt Park ,5,DIS, , , , ,111,111, , , , , , , , , , , , ,,, , ,,
Rayners Lane ,55,MET;PIC, , , , , , , , , , ,148.8,148.8, , ,148.8,148.8, , ,,, , ,,
Redbridge ,12,CEN, , ,106.7,106.9, , , , , , , , , , , , , , ,,, , ,,
Regent's Park ,28,BAK,104.2,102.2, , , , , , , , , , , , , , , , ,,, , ,,
Richmond ,8,DIS, , , , ,107,107, , , , , , , , , , , , ,,, , ,,
Rickmansworth ,58,MET, , , , , , , , , , ,157.6,157.6, , , , , , ,,, , ,,
Roding Valley ,31,CEN, , ,131.2,131.2, , , , , , , , , , , , , , ,,, , ,,
Rotherhithe ,2,, , , , , , , , , , , , , , , , , , ,,, , ,,
Royal Oak ,27,H&C;CIR, , , , , , ,121,121, , , , , , , , , , ,121,121, , ,,
Ruislip ,46,MET;PIC, , , , , , , , , , ,145.6,145.6, , ,145.6,145.6, , ,,, , ,,
Ruislip Gardens ,37,CEN, , ,141.5,141.5, , , , , , , , , , , , , , ,,, , ,,
Ruislip Manor ,44,MET;PIC, , , , , , , , , , ,149.6,149.6, , ,149.6,149.6, , ,,, , ,,
Russell Square ,23,PIC, , , , , , , , , , , , , , ,89.8,89.8, , ,,, , ,,
Seven Sisters ,11,VIC, , , , , , , , , , , , , , , , ,93,93,,, , ,,
Shadwell ,11,, , , , , , , , , , , , , , , , , , ,,, , ,,
Shepherd's Bush  (Central),6,CEN, , ,89.8,89.8, , , , , , , , , , , , , , ,,, , ,,
Shepherd's Bush Market (Hammersmith & City),6,H&C;CIR, , , , , , ,111.9,111.9, , , , , , , , , , ,111.9,111.9, , ,,
Shoreditch ,13,, , , , , , , , , , , , , , , , , , ,,, , ,,
Sloane Square ,6,DIS;CIR, , , , ,97.6,97.6, , , , , , , , , , , , ,97.6,97.6, , ,,
Snaresbrook ,22,CEN, , ,127.4,127.4, , , , , , , , , , , , , , ,,, , ,,
South Ealing ,24,PIC, , , , , , , , , , , , , , ,120.3,120.3, , ,,, , ,,
South Harrow ,61,PIC, , , , , , , , , , , , , , ,166.8,166.8, , ,,, , ,,
South Kensington ,7,DIS;CIR;PIC, , , , ,100,100, , , , , , , , ,89.1,83.5, , ,100,100, , ,,
South Kenton ,43,BAK, , , , , , , , , , , , , , ,146.4,146.4, , ,,, , ,,
South Ruislip ,37,CEN, , ,141.4,141.4, , , , , , , , , , , , , , ,,, , ,,
South Wimbledon ,14,NOR, , , , , , , , , , , , ,101.3,101.3, , , , ,,, , ,,
South Woodford ,28,CEN, , ,128.8,128.8, , , , , , , , , , , , , , ,,, , ,,
Southfields ,23,DIS, , , , ,117,117, , , , , , , , , , , , ,,, , ,,
Southgate ,71,PIC, , , , , , , , , , , , , , ,160.2,160.2, , ,,, , ,,
Southwark ,4,JUB, , , , , , , , ,79.5,79.5, , , , , , , , ,,, , ,,
St James's Park ,4,DIS;CIR, , , , ,98.2,98.2, , , , , , , , , , , , ,98.2,98.2, , ,,
St John's Wood ,49,JUB, , , , , , , , ,131.7,131.2, , , , , , , , ,,, , ,,
St Pauls' ,17,CEN, , ,89.9,95.3, , , , , , , , , , , , , , ,,, , ,,
Stamford Brook ,5,DIS, , , , ,111.4,111.4, , , , , , , , , , , , ,,, , ,,
Stanmore ,85,JUB, , , , , , , , ,176.8,176.8, , , , , , , , ,,, , ,,
Stepney Green ,10,DIS;H&C, , , , ,102.8,102.8,102.8,102.8, , , , , , , , , , ,,, , ,,
Stockwell ,6,NOR;VIC, , , , , , , , , , , , ,92.2,92.4, , ,92.2,92.4,,, , ,,
Stonebridge Park ,24,BAK, , , , , , , , , , , , , , ,131.5,131.5, , ,,, , ,,
Stratford ,4,CEN;JUB;EL, , ,107.2,107.2, , , , ,104,104, , , , , , , , ,,, , ,,
Sudbury Hill ,60,PIC, , , , , , , , , , , , , , ,154.2,154.2, , ,,, , ,,
Sudbury Town ,48,PIC, , , , , , , , , , , , , , ,147.6,147.6, , ,,, , ,,
Surrey Quays ,2,, , , , , , , , , , , , , , , , , , ,,, , ,,
Swiss Cottage ,57,JUB, , , , , , , , ,140.1,140.1, , , , , , , , ,,, , ,,
Temple ,5,DIS;CIR, , , , ,99.2,99.2, , , , , , , , , , , , ,99.2,99.2, , ,,
Theydon Bois ,54,CEN, , ,153.1,153.1, , , , , , , , , , , , , , ,,, , ,,
Tooting Bec ,28,NOR, , , , , , , , , , , , ,111.6,111.6, , , , ,,, , ,,
Tooting Broadway ,16,NOR, , , , , , , , , , , , ,103.2,103.2, , , , ,,, , ,,
Tottenham Court Road ,25,NOR;CEN;EL, , ,100.2,100.2, , , , , , , , ,94.3,94.3, , , , ,,, , ,76,76
Tottenham Hale ,11,VIC, , , , , , , , , , , , , , , , ,91.8,91.7,,, , ,,
Totteridge ,75,NOR, , , , , , , , , , , , ,173.8,173.8, , , , ,,, , ,,
Tower Hill ,14,DIS;CIR, , , , ,106.9,107, , , , , , , , , , , , ,106.9,107, , ,,
Tufnell Park ,44,NOR, , , , , , , , , , , , ,125,121.6, , , , ,,, , ,,
Turnham Green ,5,DIS, , , , ,110.9,110.9, , , , , , , , , , , , ,,, , ,,
Turnpike Lane ,21,PIC, , , , , , , , , , , , , , ,106.3,106.3, , ,,, , ,,
Upminster ,28,DIS, , , , ,119.2,119.2, , , , , , , , , , , , ,,, , ,,
Upminster Bridge ,15,DIS, , , , ,119.3,119.3, , , , , , , , , , , , ,,, , ,,
Upney ,12,DIS, , , , ,106.3,106.3, , , , , , , , , , , , ,,, , ,,
Upton Park ,11,DIS, , , , ,105.3,105.3, , , , , , , , , , , , ,,, , ,,
Uxbridge ,40,MET;PIC, , , , , , , , , , ,140.1,140.1, , ,140.1,140.1, , ,,, , ,,
Vauxhall ,4,VIC, , , , , , , , , , , , , , , , ,86.3,86.3,,, , ,,
Victoria ,4.6,DIS;CIR;VIC, , , , ,97,97, , , , , , , , , , ,85.2,85.2,97,97, , ,,
Walthamstow Central ,24,VIC, , , , , , , , , , , , , , , , ,106.9,106.7,,, , ,,
Wanstead ,29,CEN, , ,109.7,109.6, , , , , , , , , , , , , , ,,, , ,,
Wapping ,4,, , , , , , , , , , , , , , , , , , ,,, , ,,
Warren Street ,27,NOR;VIC, , , , , , , , , , , , ,101.7,101.6, , ,96.1,96.1,,, , ,,
Warwick Avenue ,27,BAK,112.5,112.5, , , , , , , , , , , , , , , , ,,, , ,,
Waterloo ,4,NOR;BAK;JUB;W&C,85.1,88.2, , , , , , ,74,74, , ,82.8,82.8, , , , ,,,98.2,98.2,,
Watford ,70,MET, , , , , , , , , , ,164.8,164.8, , , , , , ,,, , ,,
Wembley Central ,45,BAK, , , , , , , , , , , , , , ,138.5,138.5, , ,,, , ,,
Wembley Park ,41,MET;JUB, , , , , , , , ,136.7,136.7,136.7,136.7, , , , , , ,,, , ,,
West Acton ,33,CEN, , ,127.4,127.4, , , , , , , , , , , , , , ,,, , ,,
West Brompton ,7,DIS, , , , ,102,102.1, , , , , , , , , , , , ,,, , ,,
West Finchley ,78,NOR, , , , , , , , , , , , ,177.3,177.3, , , , ,,, , ,,
West Ham ,1,DIS;H&C, , , , ,104.7,104.7, , ,101.2,101.2, , , , , , , , ,,, , ,,
West Hampstead ,56,JUB, , , , , , , , ,150.5,150.5, , , , , , , , ,,, , ,,
West Harrow ,53,MET, , , , , , , , , , ,157.5,157.5, , , , , , ,,, , ,,
West Kensington ,5,DIS, , , , ,99.4,99.3, , , , , , , , , , , , ,,, , ,,
West Ruislip ,51,CEN, , ,145.1,145.1, , , , , , , , , , , , , , ,,, , ,,
Westbourne Park ,28,H&C;CIR, , , ,, , ,122.5,122.5, , , , , , , , , , ,122.5,122.5, , ,,
Westminster ,6,DIS;CIR;JUB, , , , ,99,99, , ,84,74.6, , , , , , , , ,99,99, , ,,
White City ,7,CEN, , ,105,105, , , , , , , , , , , , , , ,,, , ,,
Whitechapel ,12,DIS;H&C;EL, , , , ,109.1,109.1,109.1,109.1, , , , , , , , , , ,,, , ,70,70
Willesden Green ,56,JUB, , , , , , , , ,150.3,150.3, , , , , , , , ,,, , ,,
Willesden Junction ,40,BAK, , , , , , , , , , , , , , ,134.5,134.5, , ,,, , ,,
Wimbledon ,23,DIS, , , , ,119.3,119.3, , , , , , , , , , , , ,,, , ,,
Wimbledon Park ,23,DIS, , , , ,118.4,118.4, , , , , , , , , , , , ,,, , ,,
Wood Green ,25,PIC, , , , , , , , , , , , , , ,113.6,113.6, , ,,, , ,,
Wood Lane,6.7,H&C;CIR,,,,,,,113.1,113.1,,,,,,,,,,,113.1,113.1,,,,
Woodford ,32,CEN, , ,131.1,131.1, , , , , , , , , , , , , , ,,, , ,,
Woodside Park ,76,NOR, , , , , , , , , , , , ,174.3,174.3, , , , ,,, , ,,
Reading,,EL,,,,,,,,,,,,,,,,,,,,,,,,
Twyford,,EL,,,,,,,,,,,,,,,,,,,,,,,,
Maidenhead,,EL,,,,,,,,,,,,,,,,,,,,,,,,
Taplow,,EL,,,,,,,,,,,,,,,,,,,,,,,,
Burnham,,EL,,,,,,,,,,,,,,,,,,,,,,,,
Slough,,EL,,,,,,,,,,,,,,,,,,,,,,,,
Langley,,EL,,,,,,,,,,,,,,,,,,,,,,,,
Iver,,EL,,,,,,,,,,,,,,,,,,,,,,,,
West Drayton,,EL,,,,,,,,,,,,,,,,,,,,,,,,
Hayes & Harlington,,EL,,,,,,,,,,,,,,,,,,,,,,,,
Southall,,EL,,,,,,,,,,,,,,,,,,,,,,,,
Hanwell,,EL,,,,,,,,,,,,,,,,,,,,,,,,
West Ealing,,EL,,,,,,,,,,,,,,,,,,,,,,,,
Acton Main Line,,EL,,,,,,,,,,,,,,,,,,,,,,,,
Maryland,,EL,,,,,,,,,,,,,,,,,,,,,,,,
Forest Gate,,EL,,,,,,,,,,,,,,,,,,,,,,,,
Manor Park,,EL,,,,,,,,,,,,,,,,,,,,,,,,
Ilford,,EL,,,,,,,,,,,,,,,,,,,,,,,,
Seven Kings,,EL,,,,,,,,,,,,,,,,,,,,,,,,
Goodmayes,,EL,,,,,,,,,,,,,,,,,,,,,,,,
Chadwell Heath ,,EL,,,,,,,,,,,,,,,,,,,,,,,,
Romford,,EL,,,,,,,,,,,,,,,,,,,,,,,,
Gidea Park,,EL,,,,,,,,,,,,,,,,,,,,,,,,
Harold Wood,,EL,,,,,,,,,,,,,,,,,,,,,,,,
Brentwood,,EL,,,,,,,,,,,,,,,,,,,,,,,,
Shenfield,,EL,,,,,,,,,,,,,,,,,,,,,,,,
Abbey Wood,,EL,,,,,,,,,,,,,,,,,,,,,,,,
Custom House,,EL,,,,,,,,,,,,,,,,,,,,,,,,
Woolwich,,EL,,,,,,,,,,,,,,,,,,,,,,,86,86
Notes,,,,,,,,,,,,,,,,,,,,,,,,,,
Levels are referred to London Underground Datum,,,,,,,,,,,,,,,,,,,,,,,,,,
London Underground Datum is 100m below Ordnance Datum Newlyn,,,,,,,,,,,,,,,,,,,,,,,,,,
Railway track  in station platforms is ideally level but small gradients do occur,,,,,,,,,,,,,,,,,,,,,,,,,,
The level value given is an approximation of the level throughout the platform,,,,,,,,,,,,,,,,,,,,,,,,,,
"Small variations to rail levels do occur due to settlement, rail wear, and track maintenance",,,,,,,,,,,,,,,,,,,,,,,,,,
"The Ground Level Outside Station, is indicative and is the height above Ordnance Datum",,,,,,,,,,,,,,,,,,,,,,,,,,
